"group1","group2","order","spp","agr","bm"
"birds","altricial birds","apodiformes","Amazilia fimbriata",0.256,2
"birds","altricial birds","apodiformes","Amazilia tobaci",0.349,2.1
"birds","altricial birds","apodiformes","Amazilia tzacatl",0.505,2.625
"birds","altricial birds","apodiformes","Apus apus",3.34,18.762
"birds","altricial birds","apodiformes","Apus pacificus",3.024,32
"birds","altricial birds","apodiformes","Calliphlox evelynae",0.337,1.65
"birds","altricial birds","apodiformes","Chaetura brachyura",1.671,10.25
"birds","altricial birds","apodiformes","Chaetura pelagica",2.07,12
"birds","altricial birds","apodiformes","Chaetura vauxi",2.1,10.5
"birds","altricial birds","apodiformes","Chlorostilbon mellisugus",0.195,1.4
"birds","altricial birds","apodiformes","Colibri coruscans",0.578,3.85
"birds","altricial birds","apodiformes","Collocalia esculenta",0.662,4.73
"birds","altricial birds","apodiformes","Collocalia fuciphaga",0.861,6.15
"birds","altricial birds","apodiformes","Collocalia leucophaea",0.346,4.65
"birds","altricial birds","apodiformes","Cypseloides cherriei",0.945,10.5
"birds","altricial birds","apodiformes","Cypseloides cryptus",1.698,17.5
"birds","altricial birds","apodiformes","Cypsiurus parvus",0.858,5.36
"birds","altricial birds","apodiformes","Lampornis clemenciae bessophilus*",0.867,3.75
"birds","altricial birds","apodiformes","Oxypogon guerinii",0.317,2.725
"birds","altricial birds","apodiformes","Phaethornis ruber",0.317,1.35
"birds","altricial birds","apodiformes","Selasphorus rufus",0.336,1.768
"birds","altricial birds","apodiformes","Streptoprocne rutila",1.516,12.5
"birds","altricial birds","apodiformes","Tachymarptis melba",6.038,48.5
"birds","altricial birds","caprimulgiformes","Steatornis caripensis",14.072,290.367
"birds","altricial birds","ciconiiformes","Ardea cinerea",66.416,655.684
"birds","altricial birds","ciconiiformes","Ardea herodias",68.913,883.5
"birds","altricial birds","ciconiiformes","Ardea purpurea",42.085,356.65
"birds","altricial birds","ciconiiformes","Botaurus stellaris",46.8,399.834
"birds","altricial birds","ciconiiformes","Bubulcus ibis",16.582,151.25
"birds","altricial birds","ciconiiformes","Butorides virescens",10.448,73.576
"birds","altricial birds","ciconiiformes","Ciconia abdimii",45.9,600
"birds","altricial birds","ciconiiformes","Ciconia ciconia",125.375,1475
"birds","altricial birds","ciconiiformes","Ciconia maguari",120.299,1295.394
"birds","altricial birds","ciconiiformes","Egretta caerulea",19.35,150
"birds","altricial birds","ciconiiformes","Egretta garzetta",28.599,169.225
"birds","altricial birds","ciconiiformes","Eudocimus albus",24.355,383.453
"birds","altricial birds","ciconiiformes","Geronticus eremita",60.944,472.318
"birds","altricial birds","ciconiiformes","Leptoptilos crumeniferus",101.167,2023.337
"birds","altricial birds","ciconiiformes","Mycteria americana",78.174,919.699
"birds","altricial birds","ciconiiformes","Platalea leucorodia",71.775,825
"birds","altricial birds","ciconiiformes","Scopus umbretta",20.563,235
"birds","altricial birds","coliiformes","Urocolius macrourus",3.819,17.05
"birds","altricial birds","columbiformes","Columba guinea",17.259,135.9
"birds","altricial birds","columbiformes","Columba livia",22.278,137.681
"birds","altricial birds","columbiformes","Columba oenas",23.256,145.35
"birds","altricial birds","columbiformes","Columba palumbus",24.126,122.927
"birds","altricial birds","columbiformes","Columbina passerina",2.976,11.95
"birds","altricial birds","columbiformes","Columbina talpacoti",3.22,14
"birds","altricial birds","columbiformes","Geopelia cuneata",1.203,18.65
"birds","altricial birds","columbiformes","Oena capensis",1.175,17.4
"birds","altricial birds","columbiformes","Ptilinopus superbus",5.883,16.25
"birds","altricial birds","columbiformes","Streptopelia decaocto",11.173,49.222
"birds","altricial birds","coraciiformes","Coracias caudatus",4.669,37.5
"birds","altricial birds","coraciiformes","Merops viridis",2.733,18.85
"birds","altricial birds","cuculiformes","Carpococcyx renauldi",12,200
"birds","altricial birds","cuculiformes","Centropus senegalensis",12.488,67.5
"birds","altricial birds","cuculiformes","Chrysococcyx basalis",2.24,10.925
"birds","altricial birds","cuculiformes","Chrysococcyx caprius",3.394,18.1
"birds","altricial birds","cuculiformes","Chrysococcyx lucidus",1.947,11.125
"birds","altricial birds","cuculiformes","Clamator glandarius",11.261,70.125
"birds","altricial birds","cuculiformes","Crotophaga ani",5.897,17.95
"birds","altricial birds","falconiformes","Accipiter cooperii",19.753,187.333
"birds","altricial birds","falconiformes","Accipiter fasciatus",23.074,221.516
"birds","altricial birds","falconiformes","Accipiter gentilis",57.122,508
"birds","altricial birds","falconiformes","Accipiter minullus",6.481,42.5
"birds","altricial birds","falconiformes","Accipiter nisus",13.596,106.625
"birds","altricial birds","falconiformes","Aquila chrysaetos",113.241,1670.942
"birds","altricial birds","falconiformes","Aquila rapax",60.45,1300
"birds","altricial birds","falconiformes","Aquila verreauxii",77.524,1649.44
"birds","altricial birds","falconiformes","Aquila wahlbergi",26.303,404.667
"birds","altricial birds","falconiformes","Buteo buteo",43.092,456
"birds","altricial birds","falconiformes","Buteo jamaicensis",48.595,523.75
"birds","altricial birds","falconiformes","Buteo oreophilus",26.495,298.775
"birds","altricial birds","falconiformes","Buteo platypterus",19.637,145.5
"birds","altricial birds","falconiformes","Buteo regalis",52.283,611.5
"birds","altricial birds","falconiformes","Buteo swainsoni",28.045,355
"birds","altricial birds","falconiformes","Cathartes aura",46.211,733.5
"birds","altricial birds","falconiformes","Circaetus cinereus",19.425,1050
"birds","altricial birds","falconiformes","Circus cyaneus",27.263,221.6
"birds","altricial birds","falconiformes","Circus ranivorus",31.343,220.728
"birds","altricial birds","falconiformes","Coragyps atratus",45.462,851.296
"birds","altricial birds","falconiformes","Falco cenchroides",13.5,100
"birds","altricial birds","falconiformes","Falco chicquera",12.738,112.75
"birds","altricial birds","falconiformes","Falco columbarius",13.919,105.075
"birds","altricial birds","falconiformes","Falco peregrinus",42.398,435.5
"birds","altricial birds","falconiformes","Falco sparverius",9.623,66.145
"birds","altricial birds","falconiformes","Falco subbuteo",15.334,120.167
"birds","altricial birds","falconiformes","Falco tinnunculus",18.486,125.25
"birds","altricial birds","falconiformes","Gyps africanus",69.1,2700.018
"birds","altricial birds","falconiformes","Gyps coprotheres",122.49,4149.667
"birds","altricial birds","falconiformes","Haliaeetus albicilla",155.562,1911.82
"birds","altricial birds","falconiformes","Haliaeetus leucocephalus",112.436,1904.323
"birds","altricial birds","falconiformes","Haliaeetus vocifer",89.58,1006.518
"birds","altricial birds","falconiformes","Hieraaetus fasciatus*",46.2,600
"birds","altricial birds","falconiformes","Ictinia mississippiensis",11.83,140
"birds","altricial birds","falconiformes","Lophaetus occipitalis",44.213,675
"birds","altricial birds","falconiformes","Milvus migrans",40.938,410.653
"birds","altricial birds","falconiformes","Necrosyrtes monachus",35.51,1060
"birds","altricial birds","falconiformes","Neophron percnopterus",52,800
"birds","altricial birds","falconiformes","Pandion haliaetus",67.38,786.05
"birds","altricial birds","falconiformes","Sagittarius serpentarius",77.479,1597.5
"birds","altricial birds","falconiformes","Sarcoramphus papa",50.934,1306
"birds","altricial birds","falconiformes","Stephanoaetus coronatus",25.813,1475
"birds","altricial birds","falconiformes","Terathopius ecaudatus",34.125,1050
"birds","altricial birds","falconiformes","Torgos tracheliotus*",114.075,3510
"birds","altricial birds","falconiformes","Trigonoceps occipitalis",75.568,2361.5
"birds","altricial birds","falconiformes","Vultur gryphus",120.393,3087
"birds","altricial birds","opisthocomiformes","Opisthocomus hoazin",8.213,174.743
"birds","altricial birds","passeriformes","Acrocephalus arundinaceus",3.412,12.9
"birds","altricial birds","passeriformes","Acrocephalus scirpaceus",1.553,5.825
"birds","altricial birds","passeriformes","Agelaius phoeniceus",4.967,17.875
"birds","altricial birds","passeriformes","Agelaius xanthomus",2.906,10.926
"birds","altricial birds","passeriformes","Aimophila carpalis",1.771,6.15
"birds","altricial birds","passeriformes","Alauda arvensis",3.63,12
"birds","altricial birds","passeriformes","Amandava amandava",0.688,3.6
"birds","altricial birds","passeriformes","Ammodramus aurifrons",1.65,6.483
"birds","altricial birds","passeriformes","Ammodramus caudacutus",2.1,7.5
"birds","altricial birds","passeriformes","Ammodramus maritimus",2.176,8
"birds","altricial birds","passeriformes","Amphispiza belli",2.021,8.25
"birds","altricial birds","passeriformes","Anthus spinoletta",2.486,9.6
"birds","altricial birds","passeriformes","Aphelocoma coerulescens",5.025,30
"birds","altricial birds","passeriformes","Arremonops conirostris",3.851,16.6
"birds","altricial birds","passeriformes","Bombycilla cedrorum",4.55,17.5
"birds","altricial birds","passeriformes","Buphagus erythrorhynchus",5.384,32.05
"birds","altricial birds","passeriformes","Calcarius lapponicus",3.462,11.4
"birds","altricial birds","passeriformes","Calcarius mccownii",2.356,9.5
"birds","altricial birds","passeriformes","Campylorhynchus brunneicapillus",3.093,15.7
"birds","altricial birds","passeriformes","Cardinalis cardinalis",4.128,16
"birds","altricial birds","passeriformes","Carduelis flammea",1.632,6
"birds","altricial birds","passeriformes","Carduelis spinus",1.287,6.5
"birds","altricial birds","passeriformes","Catharus fuscescens",3.6,15
"birds","altricial birds","passeriformes","Catharus guttatus",3.807,13.625
"birds","altricial birds","passeriformes","Catharus minimus",3.519,11.5
"birds","altricial birds","passeriformes","Catharus ustulatus",4.524,14.5
"birds","altricial birds","passeriformes","Cercomacra tyrannina",1.905,7.15
"birds","altricial birds","passeriformes","Certhilauda albescens",1.853,10.65
"birds","altricial birds","passeriformes","Chasiempis sandwichensis",1.616,7.75
"birds","altricial birds","passeriformes","Cistothorus palustris",1.218,6
"birds","altricial birds","passeriformes","Corvus albus",35.7,262.5
"birds","altricial birds","passeriformes","Corvus brachyrhynchos",19.35,225
"birds","altricial birds","passeriformes","Corvus capensis",37.295,265.975
"birds","altricial birds","passeriformes","Corvus caurinus",22.723,152.5
"birds","altricial birds","passeriformes","Corvus cornix*",23.215,192.75
"birds","altricial birds","passeriformes","Corvus corone",31.537,193.5
"birds","altricial birds","passeriformes","Corvus corone corone*",25.3,195.4
"birds","altricial birds","passeriformes","Corvus cryptoleucus",28.35,225
"birds","altricial birds","passeriformes","Corvus monedula",15.216,100.63
"birds","altricial birds","passeriformes","Cyanerpes cyaneus",0.84,6
"birds","altricial birds","passeriformes","Cyanocorax beecheii",11.691,64.95
"birds","altricial birds","passeriformes","Delichon urbicum",2.024,12.067
"birds","altricial birds","passeriformes","Dendroica kirtlandii",1.966,6.85
"birds","altricial birds","passeriformes","Dendroica petechia",2.54,12.45
"birds","altricial birds","passeriformes","Elaenia chiriquensis",1.357,5.85
"birds","altricial birds","passeriformes","Elaenia flavogaster",1.406,9.5
"birds","altricial birds","passeriformes","Empidonax difficilis",1.21,5.55
"birds","altricial birds","passeriformes","Empidonax traillii",1.77,7.5
"birds","altricial birds","passeriformes","Eremophila alpestris",3.381,13.125
"birds","altricial birds","passeriformes","Eremophila alpestris praticola*",3.338,10.35
"birds","altricial birds","passeriformes","Erithacus rubecula",2.173,10.125
"birds","altricial birds","passeriformes","Euphagus cyanocephalus",5.405,23.05
"birds","altricial birds","passeriformes","Euphonia laniirostris",1.287,7.55
"birds","altricial birds","passeriformes","Euphonia minuta",0.71,5
"birds","altricial birds","passeriformes","Euphonia violacea",1.668,7.25
"birds","altricial birds","passeriformes","Ficedula hypoleuca",1.809,7.113
"birds","altricial birds","passeriformes","Foudia aldabrana*",2.309,11.515
"birds","altricial birds","passeriformes","Geothlypis trichas",1.575,5.25
"birds","altricial birds","passeriformes","Gerygone igata",0.765,3.68
"birds","altricial birds","passeriformes","Gymnorhinus cyanocephalus",6.136,40.5
"birds","altricial birds","passeriformes","Hirundo rustica",2.652,10.924
"birds","altricial birds","passeriformes","Hirundo tahitica",1.722,8.2
"birds","altricial birds","passeriformes","Hylocichla mustelina",4.797,19.5
"birds","altricial birds","passeriformes","Lanius collurio",3.042,13.45
"birds","altricial birds","passeriformes","Lanius ludovicianus",5.4,24
"birds","altricial birds","passeriformes","Leucosticte tephrocotis",4.263,21
"birds","altricial birds","passeriformes","Lonchura oryzivora*",2.053,11.5
"birds","altricial birds","passeriformes","Lonchura striata",0.509,4.65
"birds","altricial birds","passeriformes","Loxioides bailleui",2.769,17.25
"birds","altricial birds","passeriformes","Margarops fuscatus",9.133,44.247
"birds","altricial birds","passeriformes","Melampitta lugubris",1.881,19
"birds","altricial birds","passeriformes","Melospiza melodia",2.42,10
"birds","altricial birds","passeriformes","Microbates collaris",1.148,4.45
"birds","altricial birds","passeriformes","Mimus polyglottos",4.418,19.55
"birds","altricial birds","passeriformes","Mionectes macconnelli",1.044,7.25
"birds","altricial birds","passeriformes","Molothrus ater",4.32,15
"birds","altricial birds","passeriformes","Motacilla cinerea",2.763,9.15
"birds","altricial birds","passeriformes","Myadestes ralloides",3.083,15.3
"birds","altricial birds","passeriformes","Myiobius atricaudus",0.87,5
"birds","altricial birds","passeriformes","Myioborus miniatus",1.214,4.65
"birds","altricial birds","passeriformes","Myiodynastes maculatus",3.427,17.85
"birds","altricial birds","passeriformes","Myiozetetes cayanensis",2.266,11.5
"birds","altricial birds","passeriformes","Myiozetetes similis",1.951,12.75
"birds","altricial birds","passeriformes","Myrmeciza exsul",2.62,10
"birds","altricial birds","passeriformes","Myrmecocichla formicivora",4.883,21.85
"birds","altricial birds","passeriformes","Myrmotherula axillaris",0.861,4.2
"birds","altricial birds","passeriformes","Nectarinia jugularis",0.796,4.3
"birds","altricial birds","passeriformes","Nectarinia osea",0.738,3.1
"birds","altricial birds","passeriformes","Nectarinia talatala",0.863,4.25
"birds","altricial birds","passeriformes","Nucifraga caryocatactes",11.69,83.5
"birds","altricial birds","passeriformes","Oenanthe oenanthe",2.69,11.2
"birds","altricial birds","passeriformes","Parus ater",0.918,5.1
"birds","altricial birds","passeriformes","Parus atricapillus",1.38,5.75
"birds","altricial birds","passeriformes","Parus caeruleus",1.084,5.383
"birds","altricial birds","passeriformes","Parus major",1.764,9.072
"birds","altricial birds","passeriformes","Parus montanus",1.183,5.83
"birds","altricial birds","passeriformes","Parus palustris",0.986,5.6
"birds","altricial birds","passeriformes","Passer domesticus",2.577,12.267
"birds","altricial birds","passeriformes","Passerculus sandwichensis",2.272,7.7
"birds","altricial birds","passeriformes","Passerculus sandwichensis princeps*",3.9,12.15
"birds","altricial birds","passeriformes","Petrochelidon ariel*",1.391,4.635
"birds","altricial birds","passeriformes","Petrochelidon pyrrhonota",3.059,12.333
"birds","altricial birds","passeriformes","Petrochelidon spilodera*",2.55,12.39
"birds","altricial birds","passeriformes","Phoenicurus phoenicurus",2.137,8.063
"birds","altricial birds","passeriformes","Phylloscopus collybita",1.236,4.963
"birds","altricial birds","passeriformes","Phylloscopus sibilatrix",1.5,5.64
"birds","altricial birds","passeriformes","Phylloscopus trochilus",1.373,4.785
"birds","altricial birds","passeriformes","Pica pica",12.919,90.75
"birds","altricial birds","passeriformes","Pipilo aberti",3.903,16.4
"birds","altricial birds","passeriformes","Pipilo erythrophthalmus",3.66,15
"birds","altricial birds","passeriformes","Pipra mentalis",0.914,5.05
"birds","altricial birds","passeriformes","Platycichla flavipes*",5.113,25
"birds","altricial birds","passeriformes","Plectrophenax nivalis",4.464,15.5
"birds","altricial birds","passeriformes","Pogonocichla stellata",2.325,10.275
"birds","altricial birds","passeriformes","Pomatostomus temporalis",4.97,28
"birds","altricial birds","passeriformes","Pooecetes gramineus",2.978,9.55
"birds","altricial birds","passeriformes","Procnias averano",2.835,45
"birds","altricial birds","passeriformes","Progne chalybea",4.069,20.6
"birds","altricial birds","passeriformes","Progne subis",5.76,30
"birds","altricial birds","passeriformes","Psarocolius wagleri",6.747,51.503
"birds","altricial birds","passeriformes","Pygochelidon cyanoleuca",0.98,5
"birds","altricial birds","passeriformes","Pyrrhocorax graculus",14.857,106.5
"birds","altricial birds","passeriformes","Pyrrhocorax pyrrhocorax",23.513,171
"birds","altricial birds","passeriformes","Pyrrhomyias cinnamomeus",0.815,5
"birds","altricial birds","passeriformes","Quiscalus major",8.047,41.925
"birds","altricial birds","passeriformes","Quiscalus mexicanus",8.663,45
"birds","altricial birds","passeriformes","Quiscalus mexicanus prosopidicola*",9.945,36.972
"birds","altricial birds","passeriformes","Quiscalus niger",3.589,17.05
"birds","altricial birds","passeriformes","Ramphocelus carbo",2.646,10.5
"birds","altricial birds","passeriformes","Ramsayornis modestus",1.311,5.8
"birds","altricial birds","passeriformes","Regulus ignicapilla",1.225,4.4
"birds","altricial birds","passeriformes","Regulus regulus",0.685,3.115
"birds","altricial birds","passeriformes","Rhynchocyclus olivaceus",1.689,9.65
"birds","altricial birds","passeriformes","Sakesphorus canadensis",1.57,10
"birds","altricial birds","passeriformes","Saltator albicollis",2.687,13.5
"birds","altricial birds","passeriformes","Saxicola rubetra",2.212,10.215
"birds","altricial birds","passeriformes","Saxicola rubicola*",1.909,7.453
"birds","altricial birds","passeriformes","Saxicola torquatus",2.188,7.985
"birds","altricial birds","passeriformes","Saxicola torquatus axillaris*",2.471,9.1
"birds","altricial birds","passeriformes","Seiurus aurocapilla",2.112,8
"birds","altricial birds","passeriformes","Seiurus motacilla",2.376,9
"birds","altricial birds","passeriformes","Sericulus chrysocephalus",2.852,46
"birds","altricial birds","passeriformes","Serinus serinus",0.788,5
"birds","altricial birds","passeriformes","Setophaga aestiva*",2.905,9.95
"birds","altricial birds","passeriformes","Setophaga ruticilla",1.377,4.05
"birds","altricial birds","passeriformes","Sialia sialis",3.328,13.75
"birds","altricial birds","passeriformes","Spizella breweri",1.444,5.3
"birds","altricial birds","passeriformes","Spizella passerina",1.478,5.438
"birds","altricial birds","passeriformes","Spizella pusilla",1.709,5.5
"birds","altricial birds","passeriformes","Sporophila castaneiventris",0.834,3.7
"birds","altricial birds","passeriformes","Sporophila corvina",0.94,4.325
"birds","altricial birds","passeriformes","Sporophila nigricollis",0.926,3.875
"birds","altricial birds","passeriformes","Stelgidopteryx ruficollis",2.128,9.25
"birds","altricial birds","passeriformes","Sturnus vulgaris",7.745,37.886
"birds","altricial birds","passeriformes","Sylvia atricapilla",1.514,6.315
"birds","altricial birds","passeriformes","Sylvia borin",1.001,8.947
"birds","altricial birds","passeriformes","Tachycineta albilinea",1.573,7.75
"birds","altricial birds","passeriformes","Tachycineta bicolor",2.503,10.875
"birds","altricial birds","passeriformes","Tachycineta thalassina",2.215,10.75
"birds","altricial birds","passeriformes","Taeniopygia guttata",0.791,6.2
"birds","altricial birds","passeriformes","Tangara inornata",2.016,9
"birds","altricial birds","passeriformes","Thamnophilus doliatus",1.967,11.85
"birds","altricial birds","passeriformes","Thraupis episcopus",2.316,12.775
"birds","altricial birds","passeriformes","Thraupis palmarum",2.749,14.375
"birds","altricial birds","passeriformes","Todirostrum cinereum",0.707,3.6
"birds","altricial birds","passeriformes","Tolmomyias sulphurescens",1.269,8.75
"birds","altricial birds","passeriformes","Toxostoma curvirostre",5.726,27.65
"birds","altricial birds","passeriformes","Toxostoma longirostre",5.526,24.95
"birds","altricial birds","passeriformes","Troglodytes aedon",1.299,5.6
"birds","altricial birds","passeriformes","Troglodytes musculus*",1.638,7
"birds","altricial birds","passeriformes","Troglodytes troglodytes",1.086,4.6
"birds","altricial birds","passeriformes","Turdus grayi",6.158,28.2
"birds","altricial birds","passeriformes","Turdus leucomelas",7.357,34.95
"birds","altricial birds","passeriformes","Turdus merula",7.735,32.5
"birds","altricial birds","passeriformes","Turdus migratorius",7.47,30
"birds","altricial birds","passeriformes","Turdus pilaris",12.226,36.7
"birds","altricial birds","passeriformes","Turdus torquatus alpestris*",11.075,26.119
"birds","altricial birds","passeriformes","Tyrannus forficatus",3.014,15.3
"birds","altricial birds","passeriformes","Tyrannus melancholicus",2.662,19.15
"birds","altricial birds","passeriformes","Tyrannus tyrannus",3.624,16.106
"birds","altricial birds","passeriformes","Tyrannus verticalis",3.744,18
"birds","altricial birds","passeriformes","Vireo flavoviridis",2.01,7.5
"birds","altricial birds","passeriformes","Volatinia jacarina",0.992,4.7
"birds","altricial birds","passeriformes","Xanthocephalus xanthocephalus",6.24,24.37
"birds","altricial birds","passeriformes","Zonotrichia albicollis",2.968,9.488
"birds","altricial birds","passeriformes","Zonotrichia atricapilla",4.108,13
"birds","altricial birds","passeriformes","Zonotrichia capensis",2.023,9.114
"birds","altricial birds","passeriformes","Zonotrichia leucophrys",2.624,10.25
"birds","altricial birds","passeriformes","Zonotrichia leucophrys oriantha*",3.323,10.4
"birds","altricial birds","pelecaniformes","Fregata aquila",12.416,459.849
"birds","altricial birds","pelecaniformes","Fregata ariel",8.54,427
"birds","altricial birds","pelecaniformes","Fregata magnificens",14.255,584.382
"birds","altricial birds","pelecaniformes","Fregata minor",17.472,505.282
"birds","altricial birds","pelecaniformes","Morus bassanus",94.7,1484.874
"birds","altricial birds","pelecaniformes","Morus serrator",62.744,1140.794
"birds","altricial birds","pelecaniformes","Phalacrocorax aristotelis",70.713,829.033
"birds","altricial birds","pelecaniformes","Phalacrocorax auritus",70.582,838.584
"birds","altricial birds","pelecaniformes","Phalacrocorax carbo",71.736,919.699
"birds","altricial birds","pelecaniformes","Sula dactylatra",39.394,842.543
"birds","altricial birds","pelecaniformes","Sula leucogaster",41.386,533.425
"birds","altricial birds","pelecaniformes","Sula sula",13.915,366.798
"birds","altricial birds","phaethontiformes","Phaethon aethereus",17.658,294.304
"birds","altricial birds","phaethontiformes","Phaethon lepturus",10.121,145.717
"birds","altricial birds","phaethontiformes","Phaethon rubricauda",19.884,312.698
"birds","altricial birds","piciformes","Dendrocopos leucotos",6.622,41
"birds","altricial birds","piciformes","Dendrocopos major",7.538,37.5
"birds","altricial birds","piciformes","Dryocopus martius martius*",19.499,126.667
"birds","altricial birds","piciformes","Dryocopus pileatus",16.599,88.291
"birds","altricial birds","piciformes","Jynx torquilla torquilla*",2.611,14
"birds","altricial birds","piciformes","Picoides borealis",3.521,20.113
"birds","altricial birds","piciformes","Picus canus canus*",9.928,54.55
"birds","altricial birds","piciformes","Ramphastos dicolorus",14.925,150
"birds","altricial birds","procellariiformes","Pelecanus occidentalis",104.301,1610.759
"birds","altricial birds","procellariiformes","Pelecanus rufescens",165.969,2937.5
"birds","altricial birds","psittaciformes","Agapornis personatus",2.82,24
"birds","altricial birds","psittaciformes","Agapornis roseicollis",3.003,26
"birds","altricial birds","psittaciformes","Amazona aestiva",18.272,201.9
"birds","altricial birds","psittaciformes","Amazona dufresniana",30.958,305
"birds","altricial birds","psittaciformes","Amazona finschi",16.224,174.45
"birds","altricial birds","psittaciformes","Amazona ochrocephala",23.57,298.35
"birds","altricial birds","psittaciformes","Amazona ochrocephala ochrocephala*",18.443,223.55
"birds","altricial birds","psittaciformes","Amazona oratrix",18.561,236.45
"birds","altricial birds","psittaciformes","Amazona viridigenalis",16.395,167.3
"birds","altricial birds","psittaciformes","Ara ambiguus ambiguus*",40.882,687.1
"birds","altricial birds","psittaciformes","Ara ararauna",35.163,558.15
"birds","altricial birds","psittaciformes","Ara chloropterus",35.781,638.95
"birds","altricial birds","psittaciformes","Ara macao",34.065,567.75
"birds","altricial birds","psittaciformes","Ara militaris",28.428,473.8
"birds","altricial birds","psittaciformes","Ara rubrogenys",17.16,264
"birds","altricial birds","psittaciformes","Bolborhynchus lineola",3.413,31.6
"birds","altricial birds","psittaciformes","Cacatua alba",20.355,313.15
"birds","altricial birds","psittaciformes","Cacatua galerita triton*",24.305,385.8
"birds","altricial birds","psittaciformes","Cacatua haematuropygia",11.772,181.1
"birds","altricial birds","psittaciformes","Cacatua sanguinea",16.096,195.1
"birds","altricial birds","psittaciformes","Cacatua sulphurea",14.445,209.35
"birds","altricial birds","psittaciformes","Calyptorhynchus funereus",17.93,212.211
"birds","altricial birds","psittaciformes","Eclectus roratus vosmaeri*",13.869,216.7
"birds","altricial birds","psittaciformes","Enicognathus ferrugineus",8.368,93.5
"birds","altricial birds","psittaciformes","Eolophus roseicapilla*",14.086,138.687
"birds","altricial birds","psittaciformes","Forpus passerinus",1.392,11.85
"birds","altricial birds","psittaciformes","Melopsittacus undulatus",2.426,21
"birds","altricial birds","psittaciformes","Myiopsitta monachus",6.338,51.95
"birds","altricial birds","psittaciformes","Primolius auricollis",11.946,148.4
"birds","altricial birds","psittaciformes","Prosopeia tabuensis",11.203,138.5
"birds","altricial birds","psittaciformes","Psittacus erithacus erithacus*",15.142,236.6
"birds","altricial birds","psittaciformes","Psittinus cyanurus cyanurus*",2.325,37.5
"birds","altricial birds","sphenisciformes","Aptenodytes forsteri",193.872,5702.131
"birds","altricial birds","sphenisciformes","Aptenodytes patagonicus",155,2500
"birds","altricial birds","sphenisciformes","Eudyptes chrysocome",61.804,1030.062
"birds","altricial birds","sphenisciformes","Eudyptes pachyrhynchus",56.145,1477.5
"birds","altricial birds","sphenisciformes","Eudyptula minor iredalei*",25.359,321
"birds","altricial birds","sphenisciformes","Eudyptula minor minor*",35.538,575.5
"birds","altricial birds","sphenisciformes","Eudyptula minor novaehollandiae*",31.53,454.088
"birds","altricial birds","sphenisciformes","Eudyptula minor variabilis*",34.133,555
"birds","altricial birds","sphenisciformes","Megadyptes antipodes",100.194,2133.258
"birds","altricial birds","sphenisciformes","Pygoscelis adeliae",127.042,1644.055
"birds","altricial birds","sphenisciformes","Pygoscelis antarcticus",131.753,2001.431
"birds","altricial birds","sphenisciformes","Pygoscelis papua",134.93,2722.737
"birds","altricial birds","sphenisciformes","Spheniscus demersus",62.574,1687.482
"birds","altricial birds","sphenisciformes","Spheniscus magellanicus",43.551,982.022
"birds","altricial birds","strigiformes","Asio flammeus galapagoensis*",8.306,123.975
"birds","altricial birds","strigiformes","Asio otus",13.95,124
"birds","altricial birds","strigiformes","Bubo bubo",70.73,940.334
"birds","altricial birds","strigiformes","Bubo lacteus",37.14,571.39
"birds","altricial birds","strigiformes","Bubo scandiacus*",63.165,625.395
"birds","altricial birds","strigiformes","Bubo virginianus",41.497,441.455
"birds","altricial birds","strigiformes","Megascops asio",7.92,60
"birds","altricial birds","strigiformes","Otus senegalensis",3.63,31.7
"birds","altricial birds","strigiformes","Strix uralensis",18.999,263.034
"birds","altricial birds","strigiformes","Tyto alba",21.024,269.015
"birds","altricial birds","strigiformes","Tyto alba pratincola*",20.864,256
"birds","altricial birds","strigiformes","Tyto javanica*",19.495,307
"birds","precocial birds","anseriformes","Aix galericulata",9.867,210.611
"birds","precocial birds","anseriformes","Anas platyrhynchos",25.17,369.743
"birds","precocial birds","anseriformes","Anas platyrhynchos conboschas*",40.685,568
"birds","precocial birds","anseriformes","Anas rubripes",23.59,413.864
"birds","precocial birds","anseriformes","Anas strepera",18.651,239.122
"birds","precocial birds","anseriformes","Anser anser",81.783,1164.338
"birds","precocial birds","anseriformes","Anser caerulescens*",53.508,1372
"birds","precocial birds","anseriformes","Anser indicus",35.1,1300
"birds","precocial birds","anseriformes","Aythya affinis",12.385,199.759
"birds","precocial birds","anseriformes","Aythya americana",18.6,353.634
"birds","precocial birds","anseriformes","Aythya fuligula",20.4,283.125
"birds","precocial birds","anseriformes","Aythya valisineria",19.795,335.506
"birds","precocial birds","anseriformes","Branta hutchinsii minima*",36.423,471.621
"birds","precocial birds","anseriformes","Branta nigricans*",25.029,455.067
"birds","precocial birds","anseriformes","Branta nigricans orientalis*",39.781,636.5
"birds","precocial birds","anseriformes","Chloephaga picta",49.407,574.5
"birds","precocial birds","anseriformes","Cygnus olor",116.297,2888.75
"birds","precocial birds","anseriformes","Dendrocygna autumnalis",22.557,206.877
"birds","precocial birds","anseriformes","Dendrocygna autumnalis domestic duck*",55.659,1369.002
"birds","precocial birds","anseriformes","Dendrocygna autumnalis domestic goose*",75.61,1461.83
"birds","precocial birds","anseriformes","Mergus serrator",19.774,459.849
"birds","precocial birds","anseriformes","Somateria mollissima",31.643,729.628
"birds","precocial birds","anseriformes","Tadorna ferruginea",41.681,404.667
"birds","precocial birds","anseriformes","Tadorna tadorna",20.509,404.667
"birds","precocial birds","charadriiformes","Aethia cristatella",12.529,127.2
"birds","precocial birds","charadriiformes","Aethia psittacula",10.934,119.5
"birds","precocial birds","charadriiformes","Aethia pusilla",5.135,43.505
"birds","precocial birds","charadriiformes","Alca torda",12.598,88.5
"birds","precocial birds","charadriiformes","Alle alle",7.716,62.467
"birds","precocial birds","charadriiformes","Anous minutus",5.076,53.938
"birds","precocial birds","charadriiformes","Anous stolidus",4.893,95
"birds","precocial birds","charadriiformes","Arenaria interpres",3.73,47.824
"birds","precocial birds","charadriiformes","Burhinus oedicnemus",11.331,206.012
"birds","precocial birds","charadriiformes","Calidris alba",2.533,29.798
"birds","precocial birds","charadriiformes","Calidris alpina",2.031,14.715
"birds","precocial birds","charadriiformes","Calidris bairdii",2.119,17.658
"birds","precocial birds","charadriiformes","Calidris fuscicollis",2.151,13.612
"birds","precocial birds","charadriiformes","Calidris melanotos",2.34,22.073
"birds","precocial birds","charadriiformes","Calidris pusilla",1.444,9.565
"birds","precocial birds","charadriiformes","Catharacta maccormicki",43.109,547.501
"birds","precocial birds","charadriiformes","Catharacta skua",58.371,687.187
"birds","precocial birds","charadriiformes","Cepphus columba",16.083,183.857
"birds","precocial birds","charadriiformes","Cepphus grylle",14.553,158.188
"birds","precocial birds","charadriiformes","Cerorhinca monocerata",9.832,150.21
"birds","precocial birds","charadriiformes","Charadrius dubius",1.369,17.042
"birds","precocial birds","charadriiformes","Charadrius hiaticula",2.328,22.815
"birds","precocial birds","charadriiformes","Charadrius melodus",1.645,21.65
"birds","precocial birds","charadriiformes","Chlidonias niger",5.749,31.5
"birds","precocial birds","charadriiformes","Coenocorypha aucklandica aucklandica*",2.791,39.878
"birds","precocial birds","charadriiformes","Coenocorypha pusilla",2.153,29.099
"birds","precocial birds","charadriiformes","Creagrus furcatus",17.452,326.2
"birds","precocial birds","charadriiformes","Eudromias morinellus",4.818,40.835
"birds","precocial birds","charadriiformes","Fratercula arctica",12.03,155.292
"birds","precocial birds","charadriiformes","Gallinago gallinago",3.929,43.67
"birds","precocial birds","charadriiformes","Gelochelidon nilotica*",6.162,91.97
"birds","precocial birds","charadriiformes","Gygis alba",2.4,50
"birds","precocial birds","charadriiformes","Haematopus moquini",13.075,251.45
"birds","precocial birds","charadriiformes","Haematopus ostralegus",13.886,171.432
"birds","precocial birds","charadriiformes","Himantopus himantopus",5.644,64.5
"birds","precocial birds","charadriiformes","Himantopus novaezelandiae",4.193,65
"birds","precocial birds","charadriiformes","Hydroprogne caspia*",28.215,270
"birds","precocial birds","charadriiformes","Ichthyaetus audouinii*",22.95,255
"birds","precocial birds","charadriiformes","Larus argentatus",38.673,420.04
"birds","precocial birds","charadriiformes","Larus californicus",24,300
"birds","precocial birds","charadriiformes","Larus canus",19.13,147.152
"birds","precocial birds","charadriiformes","Larus fuscus",25.55,321.723
"birds","precocial birds","charadriiformes","Larus glaucescens",29.627,325.573
"birds","precocial birds","charadriiformes","Larus marinus",54.713,616.198
"birds","precocial birds","charadriiformes","Larus minutus",7.508,55
"birds","precocial birds","charadriiformes","Larus occidentalis",28.644,365.546
"birds","precocial birds","charadriiformes","Larus ridibundus",16.74,135
"birds","precocial birds","charadriiformes","Limosa limosa",8.064,103.205
"birds","precocial birds","charadriiformes","Numenius arquata",18.376,260.546
"birds","precocial birds","charadriiformes","Pedionomus torquatus",1.51,18.762
"birds","precocial birds","charadriiformes","Philomachus pugnax",5.441,60.7
"birds","precocial birds","charadriiformes","Pluvialis apricaria",6.537,95.508
"birds","precocial birds","charadriiformes","Pluvianus aegyptius",1.951,28.695
"birds","precocial birds","charadriiformes","Ptychoramphus aleuticus",5.986,73.118
"birds","precocial birds","charadriiformes","Recurvirostra avosetta",9.806,104.4
"birds","precocial birds","charadriiformes","Rissa tridactyla",18.099,188.614
"birds","precocial birds","charadriiformes","Rynchops niger",15.949,139.9
"birds","precocial birds","charadriiformes","Stercorarius longicaudus",20.095,121.42
"birds","precocial birds","charadriiformes","Stercorarius lonnbergi*",56.94,780
"birds","precocial birds","charadriiformes","Sterna albifrons",2.053,16.555
"birds","precocial birds","charadriiformes","Sterna anaethetus",3.359,56.17
"birds","precocial birds","charadriiformes","Sterna dougallii",6.562,50.083
"birds","precocial birds","charadriiformes","Sterna forsteri",5.472,64.379
"birds","precocial birds","charadriiformes","Sterna fuscata",5.508,79.637
"birds","precocial birds","charadriiformes","Sterna hirundo",7.718,58.228
"birds","precocial birds","charadriiformes","Sterna lunata",5.471,51.135
"birds","precocial birds","charadriiformes","Sterna paradisaea",7.425,52.904
"birds","precocial birds","charadriiformes","Sterna sumatrana",7.2,50
"birds","precocial birds","charadriiformes","Sterna vittata",7.182,66.5
"birds","precocial birds","charadriiformes","Thalasseus bergii*",7.623,138.91
"birds","precocial birds","charadriiformes","Thalasseus sandvicensis*",10.541,98.12
"birds","precocial birds","charadriiformes","Tringa totanus",3.528,50.399
"birds","precocial birds","charadriiformes","Turnix suscitator",1.504,16.922
"birds","precocial birds","charadriiformes","Turnix sylvaticus dussumier*",0.803,9.675
"birds","precocial birds","charadriiformes","Turnix sylvaticus lepurana*",1.913,22.5
"birds","precocial birds","charadriiformes","Uria aalge",16.796,224.021
"birds","precocial birds","charadriiformes","Uria lomvia",10.908,103.13
"birds","precocial birds","charadriiformes","Vanellus vanellus",6.223,101.107
"birds","precocial birds","galliformes","Alectoris graeca saxatilis*",9.271,264.873
"birds","precocial birds","galliformes","Alectura lathami",13.646,670.374
"birds","precocial birds","galliformes","Bonasa bonasia",8.297,145.57
"birds","precocial birds","galliformes","Bonasa umbellus",8.617,219.724
"birds","precocial birds","galliformes","Callipepla californica",2.439,62.54
"birds","precocial birds","galliformes","Coturnix chinensis",1.466,25.5
"birds","precocial birds","galliformes","Coturnix coturnix",3.193,48.554
"birds","precocial birds","galliformes","Coturnix delegorguei",0.815,10.8
"birds","precocial birds","galliformes","Coturnix japonica",3.517,55.195
"birds","precocial birds","galliformes","Cyrtonyx montezumae",5.445,68.058
"birds","precocial birds","galliformes","Dendragapus canadensis",9.826,247.317
"birds","precocial birds","galliformes","Dendragapus obscurus",12.14,314.575
"birds","precocial birds","galliformes","Gallus gallus",5.886,235.443
"birds","precocial birds","galliformes","Gallus gallus Domestic chicken*",33.663,1309.099
"birds","precocial birds","galliformes","Lagopus lagopus",14.383,244.311
"birds","precocial birds","galliformes","Lagopus muta",12.596,226.95
"birds","precocial birds","galliformes","Leipoa ocellata",4.11,587.136
"birds","precocial birds","galliformes","Macrocephalon maleo",2.706,109.171
"birds","precocial birds","galliformes","Meleagris gallopavo",37.965,2372.822
"birds","precocial birds","galliformes","Meleagris gallopavo Domestic turkey*",75.403,1653.802
"birds","precocial birds","galliformes","Pavo cristatus",23.61,1184.265
"birds","precocial birds","galliformes","Perdix perdix",7.598,139.474
"birds","precocial birds","galliformes","Phasianus colchicus",12.787,488.776
"birds","precocial birds","galliformes","Tetrao tetrix",16.468,429.481
"birds","precocial birds","galliformes","Tetrao urogallus",36.941,1024.688
"birds","precocial birds","galliformes","Tetrastes bonasia*",3.975,150
"birds","precocial birds","galliformes","Tympanuchus phasianellus",11.16,348.75
"birds","precocial birds","gruiformes","Anthropoides paradiseus*",61.897,1535.897
"birds","precocial birds","gruiformes","Anthropoides virgo*",49.026,860.102
"birds","precocial birds","gruiformes","Balearica regulorum gibbericeps*",58.11,1320.687
"birds","precocial birds","gruiformes","Crex crex",4.972,67
"birds","precocial birds","gruiformes","Fulica americana",7.768,189.458
"birds","precocial birds","gruiformes","Fulica atra",21.75,250
"birds","precocial birds","gruiformes","Grus americana",113.925,2324.998
"birds","precocial birds","gruiformes","Grus antigone",91.367,2610.473
"birds","precocial birds","gruiformes","Grus canadensis pratensis*",60.25,1882.807
"birds","precocial birds","gruiformes","Grus canadensis tabida*",49.948,1314.433
"birds","precocial birds","gruiformes","Grus grus",65.764,1753.865
"birds","precocial birds","gruiformes","Grus japonensis",93.884,2761.303
"birds","precocial birds","gruiformes","Grus leucogeranus",97.948,1958.958
"birds","precocial birds","gruiformes","Grus monacha",59.63,1325.102
"birds","precocial birds","gruiformes","Grus rubicunda",92.626,1781.272
"birds","precocial birds","gruiformes","Grus vipio",75.696,1940.932
"birds","precocial birds","gruiformes","Lophotis ruficrista*",11.683,243.389
"birds","precocial birds","gruiformes","Otis tarda",51.466,1949.761
"birds","precocial birds","gruiformes","Porzana carolina",2.476,36.725
"birds","precocial birds","gruiformes","Porzana porzana",3.205,30.902
"birds","precocial birds","gruiformes","Psophia spp.*",16.319,253
"birds","precocial birds","gruiformes","Rallus aquaticus",3.3,51.927
"birds","precocial birds","gruiformes","Rallus elegans",6.353,165
"birds","precocial birds","gruiformes","Rallus limicola limicola*",1.951,19.605
"birds","precocial birds","passeriformes","Picathartes gymnocephalus",11.239,92.5
"birds","precocial birds","passeriformes","Picathartes oreas",7.811,82.221
"birds","precocial birds","procellariiformes","Calonectris diomedea",13.551,371.25
"birds","precocial birds","procellariiformes","Daption capense",19.735,268.5
"birds","precocial birds","procellariiformes","Daption capense capense*",33.465,345
"birds","precocial birds","procellariiformes","Diomedea amsterdamensis",47.473,3651.792
"birds","precocial birds","procellariiformes","Diomedea epomophora",72.84,4046.674
"birds","precocial birds","procellariiformes","Diomedea exulans",95.685,4359.371
"birds","precocial birds","procellariiformes","Fulmarus glacialoides",36.3,600
"birds","precocial birds","procellariiformes","Halobaena caerulea",7.534,98.628
"birds","precocial birds","procellariiformes","Macronectes giganteus",103.742,2207.277
"birds","precocial birds","procellariiformes","Macronectes halli",83.877,2096.913
"birds","precocial birds","procellariiformes","Oceanites oceanicus",1.728,22.441
"birds","precocial birds","procellariiformes","Oceanodroma castro",2.34,40
"birds","precocial birds","procellariiformes","Oceanodroma furcata",2.392,39.75
"birds","precocial birds","procellariiformes","Oceanodroma homochroa",1.26,24
"birds","precocial birds","procellariiformes","Oceanodroma leucorhoa",1.697,37
"birds","precocial birds","procellariiformes","Pachyptila desolata",8.066,108.25
"birds","precocial birds","procellariiformes","Pachyptila salvini",4.937,64.121
"birds","precocial birds","procellariiformes","Pachyptila turtur",5.438,75
"birds","precocial birds","procellariiformes","Pagodroma nivea",17.751,194
"birds","precocial birds","procellariiformes","Pelecanoides georgicus",5.94,72
"birds","precocial birds","procellariiformes","Pelecanoides urinatrix",5.063,78.5
"birds","precocial birds","procellariiformes","Phoebastria immutabilis",23.544,1471.518
"birds","precocial birds","procellariiformes","Phoebastria nigripes",32.373,1471.518
"birds","precocial birds","procellariiformes","Phoebetria palpebrata",53.151,1236.075
"birds","precocial birds","procellariiformes","Procellaria aequinoctialis",26.686,620.613
"birds","precocial birds","procellariiformes","Procellaria cinerea",13.687,526.435
"birds","precocial birds","procellariiformes","Pterodroma hypoleuca",5.688,125
"birds","precocial birds","procellariiformes","Pterodroma macroptera",10.583,440.95
"birds","precocial birds","procellariiformes","Pterodroma phaeopygia",9.307,169.225
"birds","precocial birds","procellariiformes","Puffinus griseus",18.368,395
"birds","precocial birds","procellariiformes","Puffinus pacificus",12.03,278.174
"birds","precocial birds","procellariiformes","Thalassarche chrysostoma",81.102,1752.136
"birds","precocial birds","procellariiformes","Thalassarche melanophris*",80.399,1875.957
"birds","precocial birds","procellariiformes","Thalassoica antarctica",19.198,270.391
"birds","precocial birds","struthioniformes","Apteryx australis",7.8,500
"birds","precocial birds","tinamiformes","Eudromia elegans",2.975,138.35
"birds","precocial birds","tinamiformes","Nothura darwinii",4.132,87.923
"birds","precocial birds","tinamiformes","Nothura maculosa",2.995,80.933
"birds","precocial birds","tinamiformes","Rhynchotus rufescens",6.458,315
"mammals","eutherian mammal","artiodactyla","Aepyceros melampus",59.795,13905.843
"mammals","eutherian mammal","artiodactyla","Alces alces",464.852,119192.939
"mammals","eutherian mammal","artiodactyla","Ammotragus lervia",144.087,27186.291
"mammals","eutherian mammal","artiodactyla","Antidorcas marsupialis",129.527,9454.502
"mammals","eutherian mammal","artiodactyla","Antilocapra americana",126.105,15193.421
"mammals","eutherian mammal","artiodactyla","Bos taurus (Ayrshire)*",653.354,204173.09
"mammals","eutherian mammal","artiodactyla","Bos taurus (Guernsey)*",593.757,197919.139
"mammals","eutherian mammal","artiodactyla","Bos taurus (Holstein)*",753.822,243168.311
"mammals","eutherian mammal","artiodactyla","Capra hircus",90.046,21962.403
"mammals","eutherian mammal","artiodactyla","Capra ibex",96.568,19313.671
"mammals","eutherian mammal","artiodactyla","Cervus elaphus canadensis* ",472.357,78726.2
"mammals","eutherian mammal","artiodactyla","Connochaetes taurinus",156.864,60332.228
"mammals","eutherian mammal","artiodactyla","Damaliscus pygargus",136.998,24463.983
"mammals","eutherian mammal","artiodactyla","Madoqua kirkii",24.177,1949.761
"mammals","eutherian mammal","artiodactyla","Odocoileus hemionus columbianus*",99.684,20343.733
"mammals","eutherian mammal","artiodactyla","Odocoileus hemionus hemionus*",205.733,33182.726
"mammals","eutherian mammal","artiodactyla","Odocoileus hemionus sitkensis*",161.701,27407.018
"mammals","eutherian mammal","artiodactyla","Odocoileus virginianus",218.116,31159.389
"mammals","eutherian mammal","artiodactyla","Ovibos moschatus",389.143,94912.896
"mammals","eutherian mammal","artiodactyla","Ovis canadensis",80.4,25935.501
"mammals","eutherian mammal","artiodactyla","Potamochoerus porcus",171.903,17363.91
"mammals","eutherian mammal","artiodactyla","Pudu puda ",43.656,2347.071
"mammals","eutherian mammal","artiodactyla","Rangifer tarandus",164.777,35058.911
"mammals","eutherian mammal","artiodactyla","Redunca fulvorufula",105.033,11293.899
"mammals","eutherian mammal","artiodactyla","Saiga tatarica",69.824,10742.08
"mammals","eutherian mammal","artiodactyla","Sus scrofa",324.47,54078.278
"mammals","eutherian mammal","artiodactyla","Sus scrofa (Duroc-Jersey)*",1147.784,88291.066
"mammals","eutherian mammal","artiodactyla","Syncerus caffer",494.504,190193.671
"mammals","eutherian mammal","artiodactyla","Taurotragus oryx",366.96,193136.707
"mammals","eutherian mammal","artiodactyla","Tragelaphus imberbis",169.5,17842.153
"mammals","eutherian mammal","artiodactyla","Tragelaphus scriptus",46.132,10484.564
"mammals","eutherian mammal","artiodactyla","Vicugna vicugna ",90.167,15818.816
"mammals","eutherian mammal","rodentia","Abrocoma cinerea",1.021,55.182
"mammals","eutherian mammal","rodentia","Agouti paca",41.276,2501.58
"mammals","eutherian mammal","carnivora","Ailuropoda melanoleuca",115.367,41202.497
"mammals","eutherian mammal","carnivora","Ailurus fulgens",19.799,2199.919
"mammals","eutherian mammal","rodentia","Atherurus africanus",10.418,882.911
"mammals","eutherian mammal","carnivora","Bassariscus astutus",8.305,386.273
"mammals","eutherian mammal","carnivora","Canis familiaris (beagle)*",59.229,3678.794
"mammals","eutherian mammal","carnivora","Canis familiaris (shepard)*",249.014,7615.104
"mammals","eutherian mammal","carnivora","Canis latrans",74.054,4046.674
"mammals","eutherian mammal","carnivora","Canis lupus",185.577,10484.564
"mammals","eutherian mammal","carnivora","Canis mesomelas",38.754,2600.908
"mammals","eutherian mammal","rodentia","Capromys pilorides",18.983,2372.822
"mammals","eutherian mammal","carnivora","Caracal caracal ",26.24,2733.344
"mammals","eutherian mammal","rodentia","Cavia aperea",2.223,209.691
"mammals","eutherian mammal","rodentia","Cavia porcellus",3.829,361.258
"mammals","eutherian mammal","carnivora","Cerdocyon thous",43.786,2637.696
"mammals","eutherian mammal","carnivora","Chrysocyon brachyurus",98.15,8461.227
"mammals","eutherian mammal","rodentia","Coendou prehensilis",18.582,1659.136
"mammals","eutherian mammal","carnivora","Crocuta crocuta",113.307,20233.369
"mammals","eutherian mammal","carnivora","Cryptoprocta ferox",11.519,3031.327
"mammals","eutherian mammal","rodentia","Ctenodactylus vali",1.728,56.286
"mammals","eutherian mammal","carnivora","Eira barbara",26.029,1637.064
"mammals","eutherian mammal","rodentia","Erethizon dorsatum",24.238,3068.115
"mammals","eutherian mammal","carnivora","Felis chaus",28.226,1710.639
"mammals","eutherian mammal","carnivora","Felis margarita",20.638,809.335
"mammals","eutherian mammal","carnivora","Felis silvestris",21.45,1898.258
"mammals","eutherian mammal","rodentia","Galea musteloides",2.217,122.504
"mammals","eutherian mammal","carnivora","Galidia elegans",2.703,290.625
"mammals","eutherian mammal","carnivora","Genetta genetta",4.341,735.759
"mammals","eutherian mammal","rodentia","Geocapromys ingrahami",3.339,269.288
"mammals","eutherian mammal","carnivora","Gulo gulo",67.624,3715.582
"mammals","eutherian mammal","rodentia","Hoplomys gymnurus",2.417,107.421
"mammals","eutherian mammal","rodentia","Hydrochaeris hydrochaeris",77.512,18026.093
"mammals","eutherian mammal","carnivora","Ictonyx striatus",12.085,334.77
"mammals","eutherian mammal","carnivora","Lynx lynx",67.086,6916.133
"mammals","eutherian mammal","carnivora","Lynx rufus",21.163,3112.26
"mammals","eutherian mammal","rodentia","Massoutiera mzabi",1.363,54.078
"mammals","eutherian mammal","carnivora","Meles meles",36.485,1861.47
"mammals","eutherian mammal","carnivora","Mephitis mephitis",10.521,735.759
"mammals","eutherian mammal","rodentia","Microcavia australis",1.563,95.281
"mammals","eutherian mammal","carnivora","Mustela nivalis",1.245,22.809
"mammals","eutherian mammal","carnivora","Mustela putorius",10.655,324.838
"mammals","eutherian mammal","rodentia","Myoprocta pratti*",6.209,271.127
"mammals","eutherian mammal","rodentia","Napaeozapus insignis ",0.245,8.829
"mammals","eutherian mammal","carnivora","Neovison vison* ",8.768,329.62
"mammals","eutherian mammal","rodentia","Octodon degus",2.4,74.312
"mammals","eutherian mammal","carnivora","Panthera leo",194.424,55549.796
"mammals","eutherian mammal","carnivora","Panthera onca",164.221,22808.525
"mammals","eutherian mammal","carnivora","Panthera pardus",113.344,14347.298
"mammals","eutherian mammal","carnivora","Paradoxurus hermaphroditus",8.962,1030.062
"mammals","eutherian mammal","rodentia","Pectinator spekei",1,90.13
"mammals","eutherian mammal","rodentia","Plagiodontia aedium",4.298,467.207
"mammals","eutherian mammal","carnivora","Poecilogale albinucha",2.58,101.167
"mammals","eutherian mammal","carnivora","Potos flavus",10.619,1041.099
"mammals","eutherian mammal","carnivora","Procyon lotor",29.662,1938.725
"mammals","eutherian mammal","rodentia","Proechimys guairae",2.39,112.203
"mammals","eutherian mammal","rodentia","Proechimys semispinosus",2.169,165.546
"mammals","eutherian mammal","carnivora","Profelis aurata",55.734,5518.192
"mammals","eutherian mammal","carnivora","Puma concolor",96.495,15818.816
"mammals","eutherian mammal","carnivora","Spilogale putorius",6.052,194.608
"mammals","eutherian mammal","carnivora","Suricata suricatta",3.554,220.728
"mammals","eutherian mammal","carnivora","Urocyon cinereoargenteus",22.893,1802.609
"mammals","eutherian mammal","carnivora","Ursus americanus ",73.719,25420.469
"mammals","eutherian mammal","carnivora","Ursus maritimus ",150.536,68425.576
"mammals","eutherian mammal","carnivora","Vulpes velox",26.073,827.729
"mammals","eutherian mammal","carnivora","Vulpes vulpes",35.813,2023.337
"mammals","eutherian mammal","rodentia","Zapus hudsonius",0.241,7.358
"mammals","eutherian mammal","cetacea","Phocoena phocoena",194.24,22072.766
"mammals","eutherian mammal","chiroptera","Antrozous pallidus",0.32,5.886
"mammals","eutherian mammal","chiroptera","Carollia perspicillata",0.255,7.358
"mammals","eutherian mammal","chiroptera","Desmodus rotundus",0.27,9.197
"mammals","eutherian mammal","chiroptera","Eptesicus fuscus",0.388,6.254
"mammals","eutherian mammal","chiroptera","Eptesicus serotinus",0.412,8.461
"mammals","eutherian mammal","chiroptera","Miniopterus schreibersi",0.289,6.254
"mammals","eutherian mammal","chiroptera","Myotis grisescens",0.284,2.943
"mammals","eutherian mammal","chiroptera","Myotis lucifugus",0.341,2.943
"mammals","eutherian mammal","chiroptera","Myotis myotis",0.842,7.725
"mammals","eutherian mammal","chiroptera","Myotis thysanodes",0.318,2.943
"mammals","eutherian mammal","chiroptera","Myotis velifer",0.526,4.047
"mammals","eutherian mammal","chiroptera","Nyctalus lasiopterus",1.032,11.772
"mammals","eutherian mammal","chiroptera","Nyctalus noctula",0.39,12.876
"mammals","eutherian mammal","chiroptera","Nycticeius humeralis",0.069,4.415
"mammals","eutherian mammal","chiroptera","Pipistrellus pipistrellus",0.123,1.839
"mammals","eutherian mammal","chiroptera","Rousettus aegyptiacus*",0.647,43.41
"mammals","eutherian mammal","chiroptera","Tadarida brasiliensis",0.453,4.047
"mammals","eutherian mammal","edentata","Chaetophractus villosus",34.268,1655.457
"mammals","eutherian mammal","edentata","Choloepus didactylus",6.622,3310.915
"mammals","eutherian mammal","edentata","Myrmecophaga tridactyla",90.645,10300.624
"mammals","eutherian mammal","edentata","Tolypeutes matacus",15.981,441.455
"mammals","eutherian mammal","hyracoidea","Dendrohyrax dorsalis",9.765,871.874
"mammals","eutherian mammal","hyracoidea","Procavia capensis",8.735,779.904
"mammals","eutherian mammal","insectivora","Atelerix albiventris",4.319,110.732
"mammals","eutherian mammal","insectivora","Blarina brevicauda",0.761,4.047
"mammals","eutherian mammal","insectivora","Crocidura fuscomurina",0.147,1.472
"mammals","eutherian mammal","insectivora","Crocidura russula",0.43,2.943
"mammals","eutherian mammal","insectivora","Crocidura suaveolens",0.21,2.207
"mammals","eutherian mammal","insectivora","Cryptotis parva",0.197,1.472
"mammals","eutherian mammal","insectivora","Echinops telfairi",1.694,56.286
"mammals","eutherian mammal","insectivora","Microgale dobsoni",0.479,18.026
"mammals","eutherian mammal","insectivora","Microgale talazaci",0.471,15.819
"mammals","eutherian mammal","insectivora","Setifer setosus",4.008,95.649
"mammals","eutherian mammal","insectivora","Sorex cinereus",0.318,1.472
"mammals","eutherian mammal","insectivora","Sorex vagrans",0.292,1.839
"mammals","eutherian mammal","insectivora","Suncus etruscus",0.128,0.736
"mammals","eutherian mammal","insectivora","Suncus murinus",0.615,9.565
"mammals","eutherian mammal","insectivora","Tenrec ecaudatus",16.862,378.916
"mammals","eutherian mammal","lagomorpha","Lepus americanus",17.789,577.571
"mammals","eutherian mammal","lagomorpha","Lepus californicus",18.21,809.335
"mammals","eutherian mammal","lagomorpha","Lepus europaeus",28.317,1482.554
"mammals","eutherian mammal","lagomorpha","Lepus othus",50.199,1695.924
"mammals","eutherian mammal","lagomorpha","Ochotona princeps",2.213,58.861
"mammals","eutherian mammal","lagomorpha","Ochotona rufescens",3.65,58.125
"mammals","eutherian mammal","lagomorpha","Oryctolagus cuniculus",20.13,882.911
"mammals","eutherian mammal","lagomorpha","Sylvilagus aquaticus",11.127,783.583
"mammals","eutherian mammal","lagomorpha","Sylvilagus floridanus",10.012,412.025
"mammals","eutherian mammal","macroscelidea","Elephantulus rufescens",1.009,20.969
"mammals","eutherian mammal","perissodactyla","Diceros bicornis",1311.122,397309.796
"mammals","eutherian mammal","perissodactyla","Equus burchellii",424.974,111835.35
"mammals","eutherian mammal","pholidota","Manis pentadactyla",11.582,728.401
"mammals","eutherian mammal","pinnepedia","Arctocephalus gazella",18.181,12986.144
"mammals","eutherian mammal","pinnepedia","Callorhinus ursinus",11.331,16186.695
"mammals","eutherian mammal","pinnepedia","Mirounga leonina",123.607,154509.365
"mammals","eutherian mammal","pinnepedia","Odobenus rosmarus",230.44,256044.091
"mammals","eutherian mammal","pinnepedia","Pagophilus groenlandicus*",55.623,46352.81
"mammals","eutherian mammal","pinnepedia","Phoca vitulina",32.521,25015.802
"mammals","eutherian mammal","primates","Arctocebus calabarensis",0.965,158.188
"mammals","eutherian mammal","primates","Callimico goeldii",2.066,213.002
"mammals","eutherian mammal","primates","Callithrix argentata",3.408,577.571
"mammals","eutherian mammal","primates","Callithrix jacchus",1.221,71.001
"mammals","eutherian mammal","primates","Galago senegalensis",1.424,84.244
"mammals","eutherian mammal","primates","Gorilla gorilla",25.016,31269.752
"mammals","eutherian mammal","primates","Homo sapiens",11.276,22551.01
"mammals","eutherian mammal","primates","Hylobates lar",5.003,2501.58
"mammals","eutherian mammal","primates","Leontopithecus rosalia",1.955,253.837
"mammals","eutherian mammal","primates","Macaca mulatta",3.527,2939.357
"mammals","eutherian mammal","primates","Macaca nemestrina",2.787,1857.791
"mammals","eutherian mammal","primates","Microcebus murinus",0.932,25.752
"mammals","eutherian mammal","primates","Nasalis larvatus",6.536,3630.97
"mammals","eutherian mammal","primates","Pan troglodytes",11.459,16370.635
"mammals","eutherian mammal","primates","Papio sp.*",7.709,2965.108
"mammals","eutherian mammal","primates","Perodicticus potto",6.208,496.637
"mammals","eutherian mammal","primates","Pongo pygmaeus",12.184,13537.963
"mammals","eutherian mammal","primates","Saguinus nigricollis",1.395,176.582
"mammals","eutherian mammal","primates","Saguinus oedipus",1.914,187.619
"mammals","eutherian mammal","primates","Saimiri sciureus",2.373,189.826
"mammals","eutherian mammal","proboscidea","Loxodonta africana",305.708,1019026.052
"mammals","eutherian mammal","rodentia","Acomys cahirinus",0.292,19.865
"mammals","eutherian mammal","rodentia","Aethomys chrysophilus",0.88,29.43
"mammals","eutherian mammal","rodentia","Aethomys hindei",1.581,70.265
"mammals","eutherian mammal","rodentia","Aethomys kaiseri",2.469,71.369
"mammals","eutherian mammal","rodentia","Akodon molinae",0.645,18.026
"mammals","eutherian mammal","rodentia","Ammospermophilus leucurus",1.609,56.653
"mammals","eutherian mammal","rodentia","Aplodontia rufa",8.582,297.982
"mammals","eutherian mammal","rodentia","Apodemus argenteus",0.247,4.415
"mammals","eutherian mammal","rodentia","Arborimus longicaudus ",0.487,11.772
"mammals","eutherian mammal","rodentia","Arvicola terrestris",2.635,45.985
"mammals","eutherian mammal","rodentia","Baiomys taylori",0.141,3.311
"mammals","eutherian mammal","rodentia","Calomys callosus",0.572,11.404
"mammals","eutherian mammal","rodentia","Calomys lepidus",0.162,9.933
"mammals","eutherian mammal","rodentia","Cannomys badius",2.006,138.323
"mammals","eutherian mammal","rodentia","Castor fiber",95.649,9196.986
"mammals","eutherian mammal","rodentia","Chaetodipus californicus",0.536,10.669
"mammals","eutherian mammal","rodentia","Chiropodomys gliroides",0.314,8.093
"mammals","eutherian mammal","rodentia","Clethrionomys gapperi",0.631,9.933
"mammals","eutherian mammal","rodentia","Clethrionomys glareolus",0.744,9.197
"mammals","eutherian mammal","rodentia","Clethrionomys rutilus",0.428,9.197
"mammals","eutherian mammal","rodentia","Cricetomys gambianus",16.996,404.667
"mammals","eutherian mammal","rodentia","Cynomys ludovicianus",4.083,367.879
"mammals","eutherian mammal","rodentia","Cynomys mexicanus",9.359,378.916
"mammals","eutherian mammal","rodentia","Desmodillus auricularis",0.705,21.705
"mammals","eutherian mammal","rodentia","Dicrostonyx groenlandicus",1.154,28.695
"mammals","eutherian mammal","rodentia","Dicrostonyx unalascensis",0.433,29.43
"mammals","eutherian mammal","rodentia","Dipodomys heermanni",0.585,22.073
"mammals","eutherian mammal","rodentia","Dipodomys merriami",0.514,13.979
"mammals","eutherian mammal","rodentia","Dipodomys nitratoides",0.662,14.715
"mammals","eutherian mammal","rodentia","Dipodomys stephensi",1.363,18.026
"mammals","eutherian mammal","rodentia","Eliomys quercinus",1.083,26.487
"mammals","eutherian mammal","rodentia","Funambulus pennantii ",0.649,31.638
"mammals","eutherian mammal","rodentia","Gerbillus pyramidum",0.581,17.658
"mammals","eutherian mammal","rodentia","Glaucomys sabrinus",0.45,51.135
"mammals","eutherian mammal","rodentia","Grammomys dolichurus ",0.613,25.016
"mammals","eutherian mammal","rodentia","Heterocephalus glaber",0.059,12.876
"mammals","eutherian mammal","rodentia","Heteromys desmarestianus",2.258,22.809
"mammals","eutherian mammal","rodentia","Hydromys chrysogaster",4.024,240.961
"mammals","eutherian mammal","rodentia","Lemmus lemmus",0.397,18.026
"mammals","eutherian mammal","rodentia","Lemmus sibiricus",0.288,24.648
"mammals","eutherian mammal","rodentia","Lemniscomys striatus",0.548,20.601
"mammals","eutherian mammal","rodentia","Leopoldamys sabanus ",1.997,121.032
"mammals","eutherian mammal","rodentia","Liomys pictus",0.774,18.394
"mammals","eutherian mammal","rodentia","Liomys salvini",1.081,13.979
"mammals","eutherian mammal","rodentia","Lophuromys sikapusi",1.058,25.016
"mammals","eutherian mammal","rodentia","Mastomys natalensis ",0.544,10.301
"mammals","eutherian mammal","rodentia","Maxomys surifer",0.45,58.493
"mammals","eutherian mammal","rodentia","Meriones crassus",1.064,29.062
"mammals","eutherian mammal","rodentia","Meriones hurrianae",0.798,25.752
"mammals","eutherian mammal","rodentia","Meriones unguiculatus",0.691,21.337
"mammals","eutherian mammal","rodentia","Mesembriomys gouldii",12.27,375.237
"mammals","eutherian mammal","rodentia","Mesocricetus auratus",2.281,39.731
"mammals","eutherian mammal","rodentia","Microtus abbreviatus",0.304,19.865
"mammals","eutherian mammal","rodentia","Microtus arvalis",0.495,8.829
"mammals","eutherian mammal","rodentia","Microtus californicus",0.844,13.244
"mammals","eutherian mammal","rodentia","Microtus miurus",0.175,12.508
"mammals","eutherian mammal","rodentia","Microtus ochrogaster ",0.858,12.876
"mammals","eutherian mammal","rodentia","Microtus oeconomus ",0.764,9.565
"mammals","eutherian mammal","rodentia","Microtus oregoni",0.702,9.933
"mammals","eutherian mammal","rodentia","Microtus pennsylvanicus",0.54,13.612
"mammals","eutherian mammal","rodentia","Microtus pinetorum",0.607,11.036
"mammals","eutherian mammal","rodentia","Millardia meltada",1.121,23.544
"mammals","eutherian mammal","rodentia","Mus minutoides",0.184,2.207
"mammals","eutherian mammal","rodentia","Mus musculoides",0.076,2.575
"mammals","eutherian mammal","rodentia","Mus musculus",0.439,14.715
"mammals","eutherian mammal","rodentia","Neofiber alleni",3.801,89.027
"mammals","eutherian mammal","rodentia","Neotoma cinerea",3.626,82.037
"mammals","eutherian mammal","rodentia","Neotoma floridana",3.537,54.078
"mammals","eutherian mammal","rodentia","Neotoma micropus",2.44,86.82
"mammals","eutherian mammal","rodentia","Notomys alexis",0.396,12.14
"mammals","eutherian mammal","rodentia","Notomys cervinus",0.347,5.518
"mammals","eutherian mammal","rodentia","Notomys mitchellii",0.546,6.622
"mammals","eutherian mammal","rodentia","Ochrotomys nuttalli",0.435,7.358
"mammals","eutherian mammal","rodentia","Oligoryzomys eliurus ",0.436,8.093
"mammals","eutherian mammal","rodentia","Ondatra zibethicus",9.649,298.718
"mammals","eutherian mammal","rodentia","Onychomys leucogaster",0.7,11.036
"mammals","eutherian mammal","rodentia","Onychomys torridus",0.159,8.829
"mammals","eutherian mammal","rodentia","Oryzomys palustris",0.664,21.705
"mammals","eutherian mammal","rodentia","Otomys irroratus",1.529,41.202
"mammals","eutherian mammal","rodentia","Ototylomys phyllotis",0.49,44.146
"mammals","eutherian mammal","rodentia","Paraxerus cepapi",2.358,81.301
"mammals","eutherian mammal","rodentia","Perognathus longimembris",0.225,2.943
"mammals","eutherian mammal","rodentia","Peromyscus californicus",0.685,16.922
"mammals","eutherian mammal","rodentia","Peromyscus eremicus",0.283,5.518
"mammals","eutherian mammal","rodentia","Peromyscus gossypinus",0.6,9.933
"mammals","eutherian mammal","rodentia","Peromyscus leucopus",0.386,8.461
"mammals","eutherian mammal","rodentia","Peromyscus maniculatus",0.352,6.622
"mammals","eutherian mammal","rodentia","Peromyscus maniculatus gracilis*",0.376,7.358
"mammals","eutherian mammal","rodentia","Peromyscus maniculatus labecula*",0.509,7.725
"mammals","eutherian mammal","rodentia","Peromyscus maniculatus nebrascensis*",0.369,6.99
"mammals","eutherian mammal","rodentia","Peromyscus maniculatus nubiterrae*",0.397,6.622
"mammals","eutherian mammal","rodentia","Peromyscus megalops",0.828,26.119
"mammals","eutherian mammal","rodentia","Peromyscus melanocarpus",0.645,22.809
"mammals","eutherian mammal","rodentia","Peromyscus mexicanus",0.849,23.912
"mammals","eutherian mammal","rodentia","Peromyscus oreas",0.332,6.622
"mammals","eutherian mammal","rodentia","Peromyscus polionotus",0.287,5.15
"mammals","eutherian mammal","rodentia","Peromyscus truei",0.478,9.933
"mammals","eutherian mammal","rodentia","Peromyscus yucatanicus",0.44,10.301
"mammals","eutherian mammal","rodentia","Phenacomys ungava",0.55,9.933
"mammals","eutherian mammal","rodentia","Podomys floridanus",0.45,8.461
"mammals","eutherian mammal","rodentia","Psammomys obesus",1.655,54.446
"mammals","eutherian mammal","rodentia","Pseudomys australis",0.501,18.026
"mammals","eutherian mammal","rodentia","Pseudomys gracilicaudatus",0.581,25.384
"mammals","eutherian mammal","rodentia","Pseudomys higginsi",0.755,22.809
"mammals","eutherian mammal","rodentia","Pseudomys novaehollandiae",0.216,5.518
"mammals","eutherian mammal","rodentia","Rattus exulans",0.823,23.176
"mammals","eutherian mammal","rodentia","Rattus fuscipes",0.734,40.099
"mammals","eutherian mammal","rodentia","Rattus lutreolus",1.162,41.938
"mammals","eutherian mammal","rodentia","Rattus rattus",1.066,51.503
"mammals","eutherian mammal","rodentia","Reithrodontomys humulis",0.153,2.207
"mammals","eutherian mammal","rodentia","Rhabdomys pumilio",0.611,16.922
"mammals","eutherian mammal","rodentia","Sciurus carolinensis",3.659,156.349
"mammals","eutherian mammal","rodentia","Sciurus niger",5.079,282.164
"mammals","eutherian mammal","rodentia","Sciurus vulgaris",2.318,110.364
"mammals","eutherian mammal","rodentia","Sigmodon hispidus",1.318,36.42
"mammals","eutherian mammal","rodentia","Sigmodon ochrognathus",0.874,35.684
"mammals","eutherian mammal","rodentia","Spermophilus armatus",7.632,159.66
"mammals","eutherian mammal","rodentia","Spermophilus beldingi",4.672,85.716
"mammals","eutherian mammal","rodentia","Spermophilus columbianus",8.31,157.085
"mammals","eutherian mammal","rodentia","Spermophilus franklinii",8.196,259.355
"mammals","eutherian mammal","rodentia","Spermophilus lateralis ",3.236,78.726
"mammals","eutherian mammal","rodentia","Spermophilus richardsonii",7.095,126.918
"mammals","eutherian mammal","rodentia","Spermophilus tereticaudus",1.48,69.161
"mammals","eutherian mammal","rodentia","Spermophilus tridecemlineatus",1.519,64.379
"mammals","eutherian mammal","rodentia","Spermophilus undulatus",18.276,294.304
"mammals","eutherian mammal","rodentia","Sundamys muelleri ",1.323,135.012
"mammals","eutherian mammal","rodentia","Tachyoryctes ruandae",1.346,76.887
"mammals","eutherian mammal","rodentia","Tamias amoenus",0.562,19.865
"mammals","eutherian mammal","rodentia","Tamias palmeri",0.829,26.487
"mammals","eutherian mammal","rodentia","Tamias panamintinus",0.777,18.762
"mammals","eutherian mammal","rodentia","Tamias quadrivittatus",0.657,27.591
"mammals","eutherian mammal","rodentia","Tamias townsendii ",1.188,35.684
"mammals","eutherian mammal","rodentia","Tamiasciurus hudsonicus",1.518,70.265
"mammals","eutherian mammal","rodentia","Tatera brantsii",1.718,36.788
"mammals","eutherian mammal","rodentia","Tatera indica",0.618,25.752
"mammals","eutherian mammal","rodentia","Thomomys talpoides",2.205,35.684
"mammals","eutherian mammal","rodentia","Tylomys nudicaudus",3.535,112.939
"mammals","eutherian mammal","rodentia","Zelotomys woosnami",1.289,18.394
"mammals","eutherian mammal","scandentia","Tupaia belangeri",2.583,73.576
"mammals","eutherian mammal","sirenia","Trichechus manatus",164.221,68425.576
"mammals","eutherian mammal","tubulidentata","Orycteropus afer",207.484,22072.766
"mammals","marsupial mammal","marsupialia","Acrobates pygmaeus",0.121,4.782
"mammals","marsupial mammal","marsupialia","Antechinus flavipes",0.284,8.093
"mammals","marsupial mammal","marsupialia","Bettongia lesueur",8.316,467.207
"mammals","marsupial mammal","marsupialia","Didelphis virginiana",9.823,761.51
"mammals","marsupial mammal","marsupialia","Isoodon macrourus",5.548,382.595
"mammals","marsupial mammal","marsupialia","Isoodon obesulus",4.281,317.112
"mammals","marsupial mammal","marsupialia","Macropus fuliginosus",51.65,4782.433
"mammals","marsupial mammal","marsupialia","Macropus giganteus",60.7,9196.986
"mammals","marsupial mammal","marsupialia","Macropus parma",13.17,1317.008
"mammals","marsupial mammal","marsupialia","Macropus robustus",22.087,5812.495
"mammals","marsupial mammal","marsupialia","Macropus rufus",70.909,9454.502
"mammals","marsupial mammal","marsupialia","Perameles gunnii",4.477,315.273
"mammals","marsupial mammal","marsupialia","Perameles nasuta",4.361,316.008
"mammals","marsupial mammal","marsupialia","Petaurus breviceps",1.107,58.861
"mammals","marsupial mammal","marsupialia","Petaurus norfolcensis",1.914,76.887
"mammals","marsupial mammal","marsupialia","Phascolarctos cinereus",6.644,2372.822
"mammals","marsupial mammal","marsupialia","Potorous tridactylus",6.059,496.637
"mammals","marsupial mammal","marsupialia","Setonix brachyurus",9.297,1147.784
"mammals","marsupial mammal","marsupialia","Thylogale billardierii",17.738,1809.967
"mammals","marsupial mammal","marsupialia","Trichosurus vulpecula",9.852,478.243
"mammals","marsupial mammal","marsupialia","Wallabia bicolor",25.266,3715.582
"reptiles","reptiles","chelonia","Caretta caretta*",12.1,57777.778
"reptiles","reptiles","chelonia","Chelonia mydas*",10.52,50888.889
"reptiles","reptiles","chelonia","Chrysemys picta*",0.12,103.704
"reptiles","reptiles","chelonia","Clemmys guttata*",0.4,50.37
"reptiles","reptiles","chelonia","Geochelone elephantopus*",31.5,59259.259
"reptiles","reptiles","chelonia","Geochelone sulcata*",13.962,12568.237
"reptiles","reptiles","chelonia","Gopherus agassizi*",1.68,829.63
"reptiles","reptiles","crocodilia","Alligator mississippiensis*",23.119,44548.02
"reptiles","reptiles","crocodilia","Caiman crocodilus crocodilus*",3.621,2829.896
"reptiles","reptiles","crocodilia","Caiman latirostris*",1.209,3437.63
"reptiles","reptiles","crocodilia","Crocodylus porosus*",2.75,28332.741
"reptiles","reptiles","lacertilia","Anolis acutus",0.01,1.481
"reptiles","reptiles","lacertilia","Aspidoscelis sexlineata*",0.07,7.704
"reptiles","reptiles","lacertilia","Aspidoscelis tigris",0.1,1.778
"reptiles","reptiles","lacertilia","Callisaurus draconoides",0.088,5.037
"reptiles","reptiles","lacertilia","Dipsosaurus dorsalis",0.1,17.778
"reptiles","reptiles","lacertilia","Emoia atrocostata",0.05,5.037
"reptiles","reptiles","lacertilia","Gymnophthalmus speciosus",0.003,0.593
"reptiles","reptiles","lacertilia","Iguana iguana",0.21,444.444
"reptiles","reptiles","lacertilia","Liolaemus signifer*",0.01,6.519
"reptiles","reptiles","lacertilia","Oligosoma zelandicum",0.01,1.185
"reptiles","reptiles","lacertilia","Phrynosoma solare",0.25,14.815
"reptiles","reptiles","lacertilia","Plestiodon fasciatus",0.03,6.519
"reptiles","reptiles","lacertilia","Sauromalus ater",0.14,47.407
"reptiles","reptiles","lacertilia","Sceloporus graciosus",0.02,1.778
"reptiles","reptiles","lacertilia","Sceloporus magister",0.06,8.296
"reptiles","reptiles","lacertilia","Sceloporus undulatus",0.05,4.444
"reptiles","reptiles","lacertilia","Uta stansburiana",0.04,1.481
"reptiles","reptiles","lacertilia","Xantusia vigilis",0.002,0.889
"reptiles","reptiles","rhynchocephalia","Sphenodon punctatus",0.07,207.407
"reptiles","reptiles","serpentes","Boa constrictor",2.4,23703.704
"reptiles","reptiles","serpentes","Bogertophis subocularis",0.06,355.556
"reptiles","reptiles","serpentes","Broghammerus reticulatus",10.1,17777.778
"reptiles","reptiles","serpentes","Carphophis vermis*",0.035,2.074
"reptiles","reptiles","serpentes","Coluber constrictor",0.12,59.259
"reptiles","reptiles","serpentes","Crotalus viridis",0.1,77.037
"reptiles","reptiles","serpentes","Diadophis punctatus",0.01,14.815
"reptiles","reptiles","serpentes","Heterodon platirhinos",0.5,59.259
"reptiles","reptiles","serpentes","Nerodia erythrogaster",0.86,47.407
"reptiles","reptiles","serpentes","Python molurus",17.9,11851.852
"reptiles","reptiles","serpentes","Python sebae",9.6,2962.963
"reptiles","reptiles","serpentes","Spalerosophis diadema",0.07,148.148
"reptiles","reptiles","serpentes","Thamnophis sirtalis",0.1,59.259
"reptiles","reptiles","varanidae","Varanus brevicauda",0.02,3.644
"reptiles","reptiles","varanidae","Varanus griseus",0.45,191.704
"reptiles","reptiles","varanidae","Varanus komodoensis",17,18814.815
"reptiles","reptiles","varanidae","Varanus niloticus",3.966,1926.139
"reptiles","reptiles","varanidae","Varanus salvator",5.817,5925.926
"reptiles","reptiles","varanidae","Varanus varius",1.28,1392.593
"fishes","fishes","acipenseriformes","Acipenser fulvescens",2.192,10666.667
"fishes","fishes","acipenseriformes","Acipenser transmontanus*",8.565,39508.148
"fishes","fishes","aulopiformes","Saurida tumbil*",0.818,696.296
"fishes","fishes","beloniformes","Cololabis saira",0.097,56
"fishes","fishes","clupeiformes","Brevoortia tyrannus*",0.191,148.741
"fishes","fishes","clupeiformes","Cetengraulis mysticetus*",0.136,16.593
"fishes","fishes","clupeiformes","Clupea harengus*",0.079,56.77
"fishes","fishes","clupeiformes","Clupea pallasii pallasii*",0.122,108.741
"fishes","fishes","clupeiformes","Engraulis anchoita*",0.057,38.815
"fishes","fishes","clupeiformes","Engraulis encrasicolus*",0.033,7.111
"fishes","fishes","clupeiformes","Engraulis japonicus*",0.079,10.667
"fishes","fishes","clupeiformes","Engraulis mordax*",0.012,6.222
"fishes","fishes","clupeiformes","Engraulis ringens*",0.056,9.037
"fishes","fishes","clupeiformes","Sardinella longiceps*",0.044,19.111
"fishes","fishes","clupeiformes","Sardinops sagax*",0.17,76.148
"fishes","fishes","clupeiformes","Sprattus sprattus*",0.018,6.43
"fishes","fishes","clupeiformes","Stolothrissa tanganicae*",0.019,1.778
"fishes","fishes","cypriniformes","Abramis brama*",0.452,472
"fishes","fishes","cypriniformes","Phoxinus phoxinus*",0.006,2.43
"fishes","fishes","cyprinodontiformes","Aphanius fasciatus*",0.003,0.963
"fishes","fishes","esociformes","Esox lucius",1.66,1792.296
"fishes","fishes","gadiformes","Gadus morhua",2.453,3952.658
"fishes","fishes","gadiformes","Melanogrammus aeglefinus",0.733,637.037
"fishes","fishes","gadiformes","Merluccius angustimanus*",0.109,75.556
"fishes","fishes","gadiformes","Merluccius gayi gayi*",0.852,1727.407
"fishes","fishes","gadiformes","Merluccius merluccius*",0.145,325.778
"fishes","fishes","gadiformes","Merluccius productus",0.465,376.889
"fishes","fishes","gadiformes","Pollachius virens",2.962,4762.963
"fishes","fishes","gadiformes","Trisopterus esmarkii*",0.029,13.778
"fishes","fishes","gadiformes","Trisopterus minutus*",0.094,32.207
"fishes","fishes","gasterosteiformes","Gasterosteus aculeatus",0.001,0.533
"fishes","fishes","gasterosteiformes","Pungitius pungitius",0.001,0.119
"fishes","fishes","lamniformes","Cetorhinus maximus*",757.26,4094814.815
"fishes","fishes","lamniformes","Lamna nasus*",22.545,49422.222
"fishes","fishes","mugiliformes","Mugil cephalus",1.172,725.926
"fishes","fishes","myctophiformes","Benthosema glaciale",0.003,1.674
"fishes","fishes","myctophiformes","Myctophum punctatum",0.003,1.956
"fishes","fishes","osmeriformes","Hypomesus olidus*",0.03,4.444
"fishes","fishes","osmeriformes","Mallotus villosus",0.035,17.778
"fishes","fishes","perciformes","Ammodytes marinus*",0.035,9.511
"fishes","fishes","perciformes","Ammodytes tobianus*",0.014,4.444
"fishes","fishes","perciformes","Apsilus dentatus",2.511,1259.259
"fishes","fishes","perciformes","Atractoscion nobilis*",4.348,8266.667
"fishes","fishes","perciformes","Callionymus lyra*",0.011,5.156
"fishes","fishes","perciformes","Caranx ruber*",0.728,737.778
"fishes","fishes","perciformes","Cephalopholis fulva",0.491,189.63
"fishes","fishes","perciformes","Copadichromis mloto*",0.05,21.926
"fishes","fishes","perciformes","Cynoscion analis*",0.214,434.37
"fishes","fishes","perciformes","Dicentrarchus labrax",1.169,2032.593
"fishes","fishes","perciformes","Epinephelus guttatus*",0.549,557.037
"fishes","fishes","perciformes","Epinephelus striatus*",1.414,3822.222
"fishes","fishes","perciformes","Eubleekeria splendens*",0.081,18.963
"fishes","fishes","perciformes","Haemulon album*",1.291,1570.37
"fishes","fishes","perciformes","Haemulon plumierii",0.58,402.963
"fishes","fishes","perciformes","Katsuwonus pelamis",11.836,6285.926
"fishes","fishes","perciformes","Lethrinops longipinnis*",0.085,36.148
"fishes","fishes","perciformes","Lethrinops parvidens*",0.078,39.111
"fishes","fishes","perciformes","Lethrinus enigmaticus*",0.579,864
"fishes","fishes","perciformes","Lipophrys pholis*",0.02,16
"fishes","fishes","perciformes","Lutjanus apodus*",0.833,1125.926
"fishes","fishes","perciformes","Lutjanus buccanella*",1.767,754.074
"fishes","fishes","perciformes","Lutjanus purpureus*",1.363,3456
"fishes","fishes","perciformes","Mulloidichthys martinicus*",0.214,130.37
"fishes","fishes","perciformes","Mycteroperca venenosa*",1.826,2468.148
"fishes","fishes","perciformes","Mylochromis anaphyrmus*",0.091,32.889
"fishes","fishes","perciformes","Nemadactylus macropterus*",0.472,411.852
"fishes","fishes","perciformes","Nemipterus bipunctatus*",0.183,80
"fishes","fishes","perciformes","Nemipterus hexodon*",0.134,63.704
"fishes","fishes","perciformes","Nemipterus japonicus*",0.142,75.556
"fishes","fishes","perciformes","Nemipterus marginatus*",0.105,65.185
"fishes","fishes","perciformes","Nemipterus mesoprion*",0.057,22.222
"fishes","fishes","perciformes","Nemipterus nematophorus*",0.24,59.259
"fishes","fishes","perciformes","Nemipterus nemurus*",0.082,72.593
"fishes","fishes","perciformes","Nemipterus peronii*",0.139,72.148
"fishes","fishes","perciformes","Nemipterus sp.*",0.223,120.296
"fishes","fishes","perciformes","Notothenia neglecta*",0.286,645.333
"fishes","fishes","perciformes","Ocyurus chrysurus",1.096,1066.667
"fishes","fishes","perciformes","Oreochromis esculentus*",0.256,222.222
"fishes","fishes","perciformes","Perca fluviatilis",0.103,158.222
"fishes","fishes","perciformes","Pomatoschistus minutus*",0.004,1.185
"fishes","fishes","perciformes","Protonibea diacanthus*",6.674,5155.556
"fishes","fishes","perciformes","Pseudotolithus elongatus*",0.239,211.852
"fishes","fishes","perciformes","Pseudupeneus maculatus",0.307,106.667
"fishes","fishes","perciformes","Rastrelliger brachysoma*",0.484,39.407
"fishes","fishes","perciformes","Rastrelliger kanagurta*",0.73,46.519
"fishes","fishes","perciformes","Sander canadensis*",0.097,182.222
"fishes","fishes","perciformes","Scomber japonicus",0.395,240
"fishes","fishes","perciformes","Thunnus alalunga*",6.321,9956.543
"fishes","fishes","perciformes","Thunnus albacares",71.056,42953.333
"fishes","fishes","perciformes","Thunnus atlanticus*",3.922,2891.852
"fishes","fishes","perciformes","Thunnus maccoyii*",35.975,57973.333
"fishes","fishes","perciformes","Totoaba macdonaldi*",6.512,5281.778
"fishes","fishes","perciformes","Trachurus japonicus*",0.405,352
"fishes","fishes","pleuronectiformes","Cynoglossus arel*",0.049,50.37
"fishes","fishes","pleuronectiformes","Eopsetta jordani",0.848,1264.593
"fishes","fishes","pleuronectiformes","Hippoglossoides platessoides*",0.235,612.185
"fishes","fishes","pleuronectiformes","Limanda ferruginea*",0.483,350.519
"fishes","fishes","pleuronectiformes","Platichthys flesus*",0.431,308.148
"fishes","fishes","pleuronectiformes","Pleuronectes platessa",0.25,642.963
"fishes","fishes","pleuronectiformes","Pseudopleuronectes americanus",0.672,408.889
"fishes","fishes","pleuronectiformes","Solea solea",0.247,142.815
"fishes","fishes","salmoniformes","Coregonus artedi*",0.098,75.556
"fishes","fishes","salmoniformes","Coregonus clupeaformis",0.567,982.815
"fishes","fishes","salmoniformes","Coregonus sardinella*",0.268,162.963
"fishes","fishes","salmoniformes","Salmo trutta*",0.149,118.519
"fishes","fishes","salmoniformes","Salvelinus alpinus",0.578,1481.481
"fishes","fishes","scorpaeniformes","Cottus gobio*",0.004,1.526
"fishes","fishes","scorpaeniformes","Sebastes alutus*",0.17,319.901
"fishes","fishes","tetraodontiformes","Balistes vetula",2.027,865.185
"dinosaurs","dinosaurs","cerapoda","Psittacosaurus luijatunensis",13.99,18690
"dinosaurs","dinosaurs","cerapoda","Psittacosaurus mongoliensis",15.95,12000
"dinosaurs","dinosaurs","sauropodomorpha","Alamosaurus",2589.04,9481481.481
"dinosaurs","dinosaurs","sauropodomorpha","Alamosaurus",2986.3,9481481.481
"dinosaurs","dinosaurs","sauropodomorpha","Alamosaurus",3178.08,9481481.481
"dinosaurs","dinosaurs","sauropodomorpha","Apatosaurus BYU601-17328",4421.4,9089000
"dinosaurs","dinosaurs","sauropodomorpha","Apatosaurus SMA0014",4024.1,10103000
"dinosaurs","dinosaurs","sauropodomorpha","Camarasaurus CM3664",4188.8,7123500
"dinosaurs","dinosaurs","sauropodomorpha","Memenchisaurus",3907.7,12537500
"dinosaurs","dinosaurs","sauropodomorpha","Diplodocus",901.1,2376500
"dinosaurs","dinosaurs","sauropodomorpha","Diplodocus",2335.1,9231500
"dinosaurs","dinosaurs","sauropodomorpha","Massospondylus carinatus",94.79,140000
"dinosaurs","dinosaurs","sauropodomorpha","Plateosaurus",819.2,793500
"dinosaurs","dinosaurs","sauropodomorpha","Plateosaurus",680.5,793500
"dinosaurs","dinosaurs","theropoda","Albertosaurus sacrophagus",334.25,614000
"dinosaurs","dinosaurs","theropoda","Archaeopterix",1.87,464.05
"dinosaurs","dinosaurs","theropoda","Archaeopterix",2.2,464.05
"dinosaurs","dinosaurs","theropoda","Gorgosaurus libratus",394.52,622000
"dinosaurs","dinosaurs","theropoda","Tyrannosaurus rex",2101.37,2780000
